{"weights": [0.18885267848128875, 0.007565337001375516, 0.15572643605270664, 0.16305011840087535, 0.1350345895817703, 0.07585710332078682, 0.11973786461461908, 0.1541758725465766], "means": [[13.882518676339995, 1.1820670905861963, 4.224585283673497], [-4.5152920520666875, 5.091700539444432, 3.8446908791859946], [4.780627259325684, 2.0143236579310844, 7.450341745376484], [15.510716335345359, 5.158347539487468, 6.357539899868847], [6.3416619644514345, 11.31181250770286, 1.5955912670656802], [2.1524916574824924, 5.372227846970149, 9.588742283924944], [3.497733923828704, -1.2300621170411878, 3.008637359621537], [4.2897372277906625, 9.365390925517696, 6.069153579275818]], "covariance": [[[0.8810979460252907, 1.34814792629907, 0.8581227035398585], [1.34814792629907, 2.631452255648689, 1.5865439861426875], [0.8581227035398585, 1.586543986142687, 1.695065873766361]], [[0.020919331156832685, 0.04719225667550416, 0.041846330788993184], [0.04719225667550416, 0.10651165059385617, 0.09443878718651959], [0.041846330788993184, 0.09443878718651959, 0.08374214560298049]], [[2.3817988139770216, 3.628700778214173, 2.433292801747258], [3.628700778214173, 6.617688777909388, 3.13735052806487], [2.4332928017472586, 3.13735052806487, 3.216505232661544]], [[0.37162333923219865, 0.5145253130624033, 0.3282316785769926], [0.5145253130624033, 1.4666284652264439, 0.9114179650583004], [0.3282316785769926, 0.9114179650583004, 1.6007119601367894]], [[0.4180458848215601, 0.4194559414542293, -0.17976531820418531], [0.4194559414542293, 1.0328018414579596, 0.4137495050535487], [-0.17976531820418531, 0.4137495050535486, 1.4766230145683217]], [[1.1193900043125051, -1.218035360236667, 0.516324712350341], [-1.218035360236667, 1.881950481896853, -0.5425618519739207], [0.516324712350341, -0.5425618519739207, 0.8271739768637436]], [[0.2638469704430083, 0.3307234309985787, -0.5874107877206677], [0.3307234309985787, 2.940284421823161, -1.3793543692820553], [-0.5874107877206676, -1.3793543692820553, 2.503227275217555]], [[0.4708541422071785, 0.436489594037895, -0.06289794753695468], [0.436489594037895, 1.8499226576985393, 1.0772678199432597], [-0.06289794753695467, 1.0772678199432597, 3.7256686562525916]]], "precisions": [[[5.3295085263357995, -2.5333064062101216, -0.326931377656286], [-2.5333064062101216, 2.076404557076527, -0.660988719068268], [-0.326931377656286, -0.660988719068268, 1.3741264872714856]], [[118059.38018433063, -9121.970503525574, -48707.66106436701], [-9121.970503525574, 101644.30868903786, -110069.3584514381], [-48707.66106436701, -110069.3584514381, 148480.23687331012]], [[10.196166955020445, -3.597743030453725, -4.204214724513012], [-3.597743030453725, 1.5505653496631926, 1.2092923588238418], [-4.204214724513012, 1.2092923588238418, 2.3118605031658643]], [[5.2343143898779285, -1.8096235134551317, -0.04294615142910319], [-1.8096235134551317, 1.6808342036542918, -0.5859684624340887], [-0.04294615142910319, -0.5859684624340887, 0.9671686784046496]], [[6.434561418275415, -3.29722591284052, 1.7072309895461901], [-3.29722591284052, 2.780246813993728, -1.1804316954514207], [1.7072309895461901, -1.1804316954514207, 1.2158173982891671]], [[3.443736592895368, 1.9843797407461936, -0.8479927780583516], [1.9843797407461936, 1.7987335378849036, -0.05882692235638624], [-0.8479927780583516, -0.05882692235638624, 1.6996695043491785]], [[7.937667545773332, -0.025639084436125555, 1.8485361710450248], [-0.025639084436125555, 0.45875250107851734, 0.24677007881474783], [1.8485361710450248, 0.24677007881474783, 0.9692421854000616]], [[2.9813819840511813, -0.8811327226585646, 0.3051099922511374], [-0.8811327226585646, 0.91042633541184, -0.27812307774389067], [0.3051099922511374, -0.27812307774389067, 0.3539777569079862]]], "converged": true}